<window type="dialog">
    <defaultcontrol>2</defaultcontrol>
    <coordinates>
        <left>0</left>
        <top>0</top>
    </coordinates>
    <animation effect="fade" time="500">WindowOpen</animation>
    <animation effect="fade" end="0,576" time="500">WindowClose</animation>
    <controls>
        <!-- Background Texture -->
        <control type="image">
            <texture>$INFO[Window().Property(texture.white)]</texture>
            <colordiffuse>FF000000</colordiffuse>
        </control>

        <!-- Background -->
        <control type="image">
            <top>0</top>
            <left>0</left>
            <width>1920</width>
            <height>1080</height>
            <texture>$INFO[Window().Property(item.art.fanart)]</texture>
        </control>

        <control type="image">
            <top>0</top>
            <left>0</left>
            <width>1920</width>
            <height>1080</height>
            <texture>$INFO[Window().Property(texture.white)]</texture>
            <colordiffuse>CC000000</colordiffuse>
        </control>

        <!-- sockeye Ico -->
        <control type="image" id="1001">
            <top>-80</top>
            <left>900</left>
            <width>100</width>
            <aspectratio>keep</aspectratio>
            <texture>$INFO[Window().Property(sockeye.logo)]</texture>
        </control>

        <control type="label">
            <left>0</left>
            <top>220</top>
            <width>100%</width>
            <font>font12</font>
            <align>center</align>
            <aligny>center</aligny>
            <textcolor>FFDDDDDD</textcolor>
            <label>$INFO[Window().Property(notification_text)]</label>
        </control>
    </controls>
</window>