<?xml version="1.0" encoding="UTF-8" standalone="yes"?>
<addon id="coho.maintenance" version="1.2+matrix.1" name="Coho Maintenance" provider-name="newf276">
    <requires>
        <import addon="xbmc.python" version="3.0.0" />
        <import addon="script.module.requests" />
        <import addon="script.module.six" />
    </requires>
    <extension point="xbmc.python.pluginsource" library="default.py">
        <provides>executable</provides>
    </extension>
    <extension point="xbmc.service" library="startup.py" start="startup" />
    <extension point="xbmc.addon.metadata">
        <summary lang="en">Coho Maintenance</summary>
        <description lang="en">Coho Maintenance offers many maintenance features, selective add-on data saving, and automated build installs.</description>
        <platform>all</platform>
        <reuselanguageinvoker>false</reuselanguageinvoker>
        <source>https://www.github.com/coho276/coho.repository/</source>
        <news> Matrix Version 1.0 - Edited for my coho Addon
        </news>
        <assets>
            <icon>icon.jpg</icon>
            <fanart>fanart.jpg</fanart>
        </assets>
    </extension>
</addon>
