<?xml version="1.0" encoding="UTF-8" standalone="yes"?>
<addon id="repository.newf" name="Newf's Kodi Repository" version="1.3" provider-name="newf276">
    <extension point="xbmc.addon.repository" name="Newf's Kodi Repository">
        <dir minversion="18.0" maxversion="18.9.0">
			<info compressed="false">https://raw.githubusercontent.com/newf276/repository.newf/master/leia/zips/addons.xml</info>
            <checksum>https://raw.githubusercontent.com/newf276/repository.newf/master/leia/zips/addons.xml.md5</checksum>
            <datadir zip="true">https://raw.githubusercontent.com/newf276/repository.newf/master/leia/zips/</datadir>
		</dir>
		<dir minversion="18.9.0">
			<info compressed="false">https://raw.githubusercontent.com/newf276/repository.newf/master/matrix/zips/addons.xml</info>
            <checksum>https://raw.githubusercontent.com/newf276/repository.newf/master/matrix/zips/addons.xml.md5</checksum>
            <datadir zip="true">https://raw.githubusercontent.com/newf276/repository.newf/master/matrix/zips/</datadir>
		</dir>
        <dir>
            <info>https://raw.githubusercontent.com/newt-sc/a4kStreaming/master/packages/addons.xml</info><checksum>https://raw.githubusercontent.com/newt-sc/a4kStreaming/master/packages/addons.xml.crc</checksum>
            <datadir>https://github.com/newt-sc/a4kStreaming/archive</datadir>
            <artdir>https://github.com/newt-sc/a4kStreaming/releases/download/v0.1.0</artdir>
        </dir>
		<dir minversion="18.0" maxversion="18.9.0">
			<info compressed="false">https://raw.githubusercontent.com/nixgates/nixgates/master/packages/leia/addons.xml</info>
			<checksum>https://raw.githubusercontent.com/nixgates/nixgates/master/packages/leia/addons.xml.md5</checksum>
			<datadir zip="true">https://raw.githubusercontent.com/nixgates/nixgates/master/packages/leia/</datadir>
		</dir>
		<dir minversion="18.9.0">
			<info compressed="false">https://raw.githubusercontent.com/nixgates/nixgates/master/packages/matrix/addons.xml</info>
			<checksum>https://raw.githubusercontent.com/nixgates/nixgates/master/packages/matrix/addons.xml.md5</checksum>
			<datadir zip="true">https://raw.githubusercontent.com/nixgates/nixgates/master/packages/matrix/</datadir>
		</dir>
		<dir>
			<info compressed="false">https://raw.githubusercontent.com/newt-sc/a4kSubtitles/master/packages/addons.xml</info>
			<checksum>https://raw.githubusercontent.com/newt-sc/a4kSubtitles/master/packages/addons.xml.crc</checksum>
			<datadir>https://github.com/newt-sc/a4kSubtitles/archive</datadir>
			<artdir>https://github.com/a4k-openproject/a4kSubtitles/releases/download/v0.0.13</artdir>
		</dir>
        <dir>
            <info compressed="false">https://github.com/host505/repository.host505/raw/master/addons.xml</info>
            <checksum>https://github.com/host505/repository.host505/raw/master/addons.xml.md5</checksum>
            <datadir zip="true">https://raw.githubusercontent.com/host505/repository.host505/master/</datadir>
        </dir>
        <dir>
            <info compressed="false">https://k.slyguy.xyz/.repo/addons.xml</info>
            <checksum>https://k.slyguy.xyz/.repo/addons.xml.md5</checksum>
            <datadir zip="true">https://k.slyguy.xyz/.repo/</datadir>
        </dir>
        <dir maxversion="18.9.0">
            <info compressed="false">https://raw.githubusercontent.com/johnny5-is-alive/iat-repo/master/linux-x86_64/leia/addons.xml</info>
            <checksum>https://raw.githubusercontent.com/johnny5-is-alive/iat-repo/master/linux-x86_64/leia/addons.xml.md5</checksum>
            <datadir zip="true">https://raw.githubusercontent.com/johnny5-is-alive/iat-repo/master/linux-x86_64/leia/</datadir>
        </dir>
        <dir minversion="18.9.1">
            <info compressed="false">https://raw.githubusercontent.com/johnny5-is-alive/iat-repo/master/linux-x86_64/matrix/addons.xml</info>
            <checksum>https://raw.githubusercontent.com/johnny5-is-alive/iat-repo/master/linux-x86_64/matrix/addons.xml.md5</checksum>
            <datadir zip="true">https://raw.githubusercontent.com/johnny5-is-alive/iat-repo/master/linux-x86_64/matrix/</datadir>
        </dir>
        <dir minversion="18.0" maxversion="18.9.0">
            <info compressed="false">https://raw.githubusercontent.com/a4k-openproject/repository.openwizard/master/leia/zips/addons.xml</info>
            <checksum>https://raw.githubusercontent.com/a4k-openproject/repository.openwizard/master/leia/zips/addons.xml.md5</checksum>
            <datadir zip="true">https://raw.githubusercontent.com/a4k-openproject/repository.openwizard/master/leia/zips/</datadir>
        </dir>
        <dir minversion="18.9.0">
            <info compressed="false">https://raw.githubusercontent.com/a4k-openproject/repository.openwizard/master/matrix/zips/addons.xml</info>
            <checksum>https://raw.githubusercontent.com/a4k-openproject/repository.openwizard/master/matrix/zips/addons.xml.md5</checksum>
            <datadir zip="true">https://raw.githubusercontent.com/a4k-openproject/repository.openwizard/master/matrix/zips/</datadir>
        </dir>
        <dir>
            <info compressed="false">https://raw.githubusercontent.com/Gujal00/smrzips/master/addons.xml</info>
            <checksum>https://raw.githubusercontent.com/Gujal00/smrzips/master/addons.xml.md5</checksum>
            <datadir zip="true">https://raw.githubusercontent.com/Gujal00/smrzips/master/zips/</datadir>
        </dir>
</extension>
    <extension point="xbmc.addon.metadata">
        <summary>Kodi Matrix Repossitory</summary>
        <description>The official home of Newf's Matrix Repsository</description>
        <platform>all</platform>
        <assets>
            <icon>icon.jpg</icon>
        </assets>
        <assets>
            <fanart>fanart.jpg</fanart>
        </assets>
    </extension>
</addon>