<?xml version="1.0" encoding="UTF-8" standalone="yes"?>
<addon id="context.sockeye" version="2.1.1" name="Sockeye - Global Context Menu Items" provider-name="Newf">
	<requires>
		<import addon="xbmc.addon" version="17.9.910" />
		<import addon="script.module.future" version="0.17.1"/>
	</requires>
	<extension point="kodi.context.item">
        <menu id="kodi.core.main">
			<item library="quick_resume.py">
				<label>$ADDON[context.sockeye 30000]</label>
				<visible>String.IsEmpty(Window(home).Property(context.sockeye.quickResume)) + String.StartsWith(ListItem.path,plugin://plugin.video.sockeye/)+String.IsEqual(ListItem.dbtype,tvshow)</visible>
			</item>
            <item library="shuffle.py">
                <label>$ADDON[context.sockeye 30001]</label>
                <visible>String.IsEmpty(Window(home).Property(context.sockeye.shuffle)) + String.StartsWith(ListItem.path,plugin://plugin.video.sockeye/)+[String.IsEqual(ListItem.dbtype,tvshow)|String.IsEqual(ListItem.dbtype,episode)]</visible>
            </item>
			<item library="play_from_random_point.py">
                <label>$ADDON[context.sockeye 30002]</label>
                <visible>String.IsEmpty(Window(home).Property(context.sockeye.playFromRandomPoint)) + String.StartsWith(ListItem.path,plugin://plugin.video.sockeye/)+String.IsEqual(ListItem.dbtype,tvshow)</visible>
            </item>
			<item library="rescrape.py">
                <label>$ADDON[context.sockeye 30003]</label>
                <visible>String.IsEmpty(Window(home).Property(context.sockeye.rescrape)) + String.StartsWith(ListItem.path,plugin://plugin.video.sockeye/)+[String.IsEqual(ListItem.dbtype,episode)|String.IsEqual(ListItem.dbtype,movie)]</visible>
            </item>
			<item library="source_select.py">
                <label>$ADDON[context.sockeye 30004]</label>
                <visible>String.IsEmpty(Window(home).Property(context.sockeye.sourceSelect)) + String.StartsWith(ListItem.path,plugin://plugin.video.sockeye/)+[String.IsEqual(ListItem.dbtype,episode)|String.IsEqual(ListItem.dbtype,movie)]</visible>
            </item>
			<item library="find_similar.py">
                <label>$ADDON[context.sockeye 30005]</label>
                <visible>String.IsEmpty(Window(home).Property(context.sockeye.findSimilar)) + String.StartsWith(ListItem.path,plugin://plugin.video.sockeye/)+[String.IsEqual(ListItem.dbtype,tvshow)|String.IsEqual(ListItem.dbtype,movie)]</visible>
            </item>
			<item library="browse_show.py">
                <label>$ADDON[context.sockeye 30006]</label>
                <visible>String.IsEmpty(Window(home).Property(context.sockeye.browseShow)) + String.StartsWith(ListItem.path,plugin://plugin.video.sockeye/)+[String.IsEqual(ListItem.dbtype,episode)|String.IsEqual(ListItem.dbtype,tvshow)]</visible>
            </item>
			<item library="browse_season.py">
				<label>$ADDON[context.sockeye 30007]</label>
				<visible>String.IsEmpty(Window(home).Property(context.sockeye.browseSeason)) + String.StartsWith(ListItem.path,plugin://plugin.video.sockeye/)+String.IsEqual(ListItem.dbtype,episode)</visible>
			</item>
			<item library="trakt_manager.py">
				<label>$ADDON[context.sockeye 30008]</label>
				<visible>String.IsEmpty(Window(home).Property(context.sockeye.traktManager)) + String.StartsWith(ListItem.path,plugin://plugin.video.sockeye/)+[String.IsEqual(ListItem.dbtype,episode)|String.IsEqual(ListItem.dbtype,tvshow)|String.IsEqual(ListItem.dbtype,season)|String.IsEqual(ListItem.dbtype,movie)]</visible>
			</item>
        </menu>
    </extension>
	<extension point="xbmc.service" library="service.py" />
	<extension point="xbmc.addon.metadata">
		<summary lang="en">Sockeye - Global Context Menu Items</summary>
		<summary lang="nl">Sockeye - Algemene contextmenu-items</summary>
		<description lang="en">Adds Context Menu items for sockeye menu items throughout Kodi</description>
		<description lang="nl">Voegt contextmenu-items toe voor sockeye-menu-items in Kodi</description>
		<platform>all</platform>
		<license>GNU GENERAL PUBLIC LICENSE. Version 3, 29 June 2007</license>
		<forum></forum>
		<website></website>
		<source></source>
		<disclaimer lang="en"></disclaimer>
		<assets>
			<icon>ico-sockeye-2.jpg</icon>
			<fanart>fanart-sockeye-2.jpg</fanart>
		</assets>
		<news>
			Changelog 2.1.1:
			Implemented a workaround for broken future.backports module method (fixes Leia issues)

			Changelog 2.1.0:
			Refactored code to modern standards
			Use backported URL lib for py2 to ensure unicode compatibility
			Extracted out common functions and reused
			Add settings to enable/disable individual items
			Add more localizations
			Add GitHub issue templates

			Changelog 2.0.2:
			Make python version agnostic

			Changelog 2.0.1:
			Fixed addon icons/fanart

			Changelog 2.0.0:
			Rework for sockeye 2.0
		</news>
	</extension>
</addon>
