<?xml version="1.0" encoding="UTF-8" standalone="yes"?>
<addon id="context.chinook" version="1.0.2+matrix.1" name="Chinook- Global Context Menu Items" provider-name="chinook276">
	<requires>
		<import addon="xbmc.python" version="3.0.0" />
	</requires>
	<extension point="kodi.context.item">
        <menu id="kodi.core.main">
            <item library="traktManager.py">
				<label>$ADDON[context.chinook 32009]</label>
				<visible>String.StartsWith(ListItem.path,plugin://plugin.video.chinook/)+[String.IsEqual(ListItem.dbtype,episode)|String.IsEqual(ListItem.dbtype,tvshow)|String.IsEqual(ListItem.dbtype,season)|String.IsEqual(ListItem.dbtype,movie)]</visible>
			</item>
			<item library="rescrape.py">
                <label>$ADDON[context.chinook 32004]</label>
                <visible>String.StartsWith(ListItem.path,plugin://plugin.video.chinook/)+[String.IsEqual(ListItem.dbtype,episode)|String.IsEqual(ListItem.dbtype,movie)]</visible>
            </item>
			<item library="sourceSelect.py">
                <label>$ADDON[context.chinook 32005]</label>
                <visible>String.StartsWith(ListItem.path,plugin://plugin.video.chinook/)+[String.IsEqual(ListItem.dbtype,episode)|String.IsEqual(ListItem.dbtype,movie)]</visible>
            </item>
			<item library="findSimilar.py">
                <label>$ADDON[context.chinook 32006]</label>
                <visible>String.StartsWith(ListItem.path,plugin://plugin.video.chinook/)+[String.IsEqual(ListItem.dbtype,tvshow)|String.IsEqual(ListItem.dbtype,movie)]</visible>
            </item>
        </menu>
    </extension>
	<extension point="xbmc.addon.metadata">
		<summary lang="en">Chinook - This Addon is currently in beta. Please be aware there may be bugs present</summary>
		<summary lang="nl">Chinook - Deze add-on is momenteel in beta. Let op: er kunnen bugs aanwezig zijn</summary>
		<description lang="en">Adds Global Contextual Menu Items for chinook menu items throughout Kodi</description>
		<description lang="ml">Voegt globale contextuele menu-items toe voor chinook-menu-items in Kodi</description>
		<platform>all</platform>
		<license>GNU GENERAL PUBLIC LICENSE. Version 3, 29 June 2007</license>
		<forum></forum>
		<website></website>
		<source></source>
		<disclaimer lang="en"></disclaimer>
		<assets>
			<icon>icon.jpg</icon>
			<fanart>fanart.jpg</fanart>
		</assets>
		<news>
Changelog 1.0.2: Tweakedn for chinook Addon
Fixed addon icons/fanart

Changelog 2.0.0: for chinook 1.0
		</news>
	</extension>
</addon>
