<?xml version="1.0" encoding="UTF-8" standalone="yes"?>
<addon id="screensaver.weather" name="Weather Screensaver" version="1.1+matrix.1" provider-name="Newf276, drinferno, rob west">
    <requires>
    <import addon="xbmc.python" version="3.0.0"/>
    </requires>
    <extension point="xbmc.ui.screensaver" library="default.py"/>
    <extension point="xbmc.addon.metadata">
        <summary lang="en">Weather Screensaver</summary>
        <description lang="en">Screensaver that displays the weather.</description>
        <platform>all</platform>
        <license>See LICENSE.txt</license>
        <news>v1.0.1+matrix.1 (2021-03-01)[CR]- Kodi 19 Matrix compatable</news>
        <assets>
            <icon>icon.jpg</icon>
            <fanart>fanart.jpg</fanart>
        </assets>
    </extension>
</addon>
