<window type="dialog">
    <defaultcontrol>2</defaultcontrol>
    <coordinates>
        <left>0</left>
        <top>0</top>
    </coordinates>
    <animation effect="fade" time="500">WindowOpen</animation>
    <animation effect="fade" end="0,576" time="500">WindowClose</animation>
    <controls>
        <!-- Background Texture -->
        <control type="image">
            <texture>$INFO[Window().Property(texture.white)]</texture>
            <colordiffuse>FF000000</colordiffuse>
        </control>
        <control type="list" id="1100">
        </control>

        <!-- Background -->
        <control type="image">
            <top>0</top>
            <left>0</left>
            <width>1920</width>
            <height>1080</height>
            <texture background="true">$INFO[Window().Property(item.art.fanart)]</texture>
        </control>

        <control type="image">
            <top>0</top>
            <left>0</left>
            <width>1920</width>
            <height>1080</height>
            <texture background="true">$INFO[Window().Property(texture.white)]</texture>
            <colordiffuse>CC000000</colordiffuse>
        </control>


        <!-- coho Logo -->
        <control type="image" id="1001">
            <top>-80</top>
            <left>900</left>
            <width>100</width>
            <aspectratio>keep</aspectratio>
            <texture>$INFO[Window().Property(coho.logo)]</texture>
        </control>
        <control>
            <top>600</top>
            <label>$INFO[Window().Property(iisvis)]</label>
        </control>

        <control type="label">
            <left>0</left>
            <top>300</top>
            <width>100%</width>
            <font>font12</font>
            <align>center</align>
            <aligny>center</aligny>
            <textcolor>FFDDDDDD</textcolor>
            <label>$INFO[Window().Property(notification_text)]</label>
        </control>
        <control type="group">
            <left>760</left>
            <top>550</top>
            <width>100%</width>
            <!-- Information -->
            <control type="label">
                <top>-300</top>
                <left>-760</left>
                <width>1920</width>
                <font>font12</font>
                <align>center</align>
                <aligny>center</aligny>
                <width>auto</width>
                <textcolor>FFDDDDDD</textcolor>
                <label>[COLOR $INFO[Window().Property(settings.color)]]$INFO[Window().Property(release_title)][/COLOR]
                </label>
            </control>

            <control type="label">
                <top>-220</top>
                <left>-760</left>
                <width>1920</width>
                <font>font12</font>
                <align>center</align>
                <aligny>center</aligny>
                <width>auto</width>
                <textcolor>FFDDDDDD</textcolor>
                <label>$ADDON[plugin.video.coho 30257]: [UPPERCASE][COLOR$INFO[Window().Property(settings.color)]]$INFO[Window().Property(debrid_provider)][/COLOR][/UPPERCASE] | $ADDON[plugin.video.coho 30274]: [UPPERCASE][COLOR$INFO[Window().Property(settings.color)]]$INFO[Window().Property(source_provider)][/COLOR][/UPPERCASE]
                </label>
            </control>

            <control type="label">
                <top>-140</top>
                <left>-760</left>
                <width>1920</width>
                <font>font12</font>
                <align>center</align>
                <aligny>center</aligny>
                <width>auto</width>
                <textcolor>FFDDDDDD</textcolor>
                <label>$ADDON[plugin.video.coho 30260]: [UPPERCASE][COLOR$INFO[Window().Property(settings.color)]]$INFO[Window().Property(source_resolution)][/COLOR][UPPERCASE] | $ADDON[plugin.video.coho 30275]: [UPPERCASE][COLOR$INFO[Window().Property(settings.color)]]$INFO[Window().Property(source_info)][/COLOR][/UPPERCASE]
                </label>
            </control>

        </control>
    </controls>
</window>