<?xml version="1.0" encoding="UTF-8" standalone="yes"?>
<addon id="plugin.program.newf.cleaner" name="Newf Cleaner" version="2.0" provider-name="newf276">
    <requires>
        <import addon="xbmc.python" version="3.0.0" />
        <import addon="script.module.requests" />
        <import addon="script.module.six" />
    </requires>
    <extension point="xbmc.python.pluginsource" library="default.py">
        <provides>executable</provides>
    </extension>
    <extension point="xbmc.service" library="startup.py" start="startup" />
    <extension point="xbmc.addon.metadata">
        <summary lang="en">Newf Cleaner</summary>
        <description lang="en">Newf Cleaner offers many maintenance features, selective add-on data saving, and automated build installs.</description>
        <platform>all</platform>
        <reuselanguageinvoker>false</reuselanguageinvoker>
        <source>https://www.github.com/newf276/plugin.program.newf.cleaner/</source>
        <news> Matrix Version 2.0 - Edited for my Newf Addon
        </news>
        <assets>
            <icon>icon.jpg</icon>
            <fanart>fanart.jpg</fanart>
        </assets>
    </extension>
</addon>
