<?xml version="1.0" encoding="UTF-8" standalone="yes"?>
<addon id="context.seren" version="1.0" name="Seren Context" provider-name="Newf">
	<requires>
		<import addon="xbmc.python" version="2.25.0" />
	</requires>
	<extension point="kodi.context.item">
        <menu id="kodi.core.main">
			<item library="traktManager.py">
				<label>Trakt Manager</label>
				<visible>String.StartsWith(ListItem.path,plugin://plugin.video.seren/)+[String.IsEqual(ListItem.dbtype,episode)|String.IsEqual(ListItem.dbtype,tvshow)|String.IsEqual(ListItem.dbtype,season)|String.IsEqual(ListItem.dbtype,movie)]</visible>
			</item>
			<item library="rescrape.py">
                <label>Rescrape Item</label>
                <visible>String.StartsWith(ListItem.path,plugin://plugin.video.seren/)+[String.IsEqual(ListItem.dbtype,episode)|String.IsEqual(ListItem.dbtype,movie)]</visible>
            </item>
			<item library="findSimilar.py">
                <label>Find Similar</label>
                <visible>String.StartsWith(ListItem.path,plugin://plugin.video.seren/)+[String.IsEqual(ListItem.dbtype,tvshow)|String.IsEqual(ListItem.dbtype,movie)]</visible>
            </item>
        </menu>
    </extension>
	<extension point="xbmc.addon.metadata">
		<summary lang="en">seren - This Addon is currently in beta. Please be aware there may be bugs present</summary>
		<description lang="en">Adds Global Contextual Menu Items for seren menu items throughout Kodi
		</description>
		<platform>all</platform>
		<license>GNU GENERAL PUBLIC LICENSE. Version 3, 29 June 2007</license>
		<forum></forum>
		<website></website>
		<source></source>
		<disclaimer lang="en"></disclaimer>
		<assets>
			<icon>ico-fox-gold-final.png</icon>
			<fanart>fanart-fox-gold-final.png</fanart>
		</assets>
		<news>Added Trakt Manager</news>
	</extension>
</addon>
