<?xml version="1.0" encoding="UTF-8"?>
<addons>
<addon id="plugin.audio.iheart"
       name="iHeartRadio"
       version="0.1.1"
       provider-name="divingmule">
  <requires>
    <import addon="xbmc.python" version="2.26.0"/>
    <import addon="script.module.requests" version="2.22.0"/>
    <import addon="script.common.plugin.cache" version="2.5.6"/>
  </requires>
  <extension point="xbmc.python.pluginsource" library="default.py">
    <provides>audio</provides>
  </extension>
  <extension point="xbmc.addon.metadata">
    <summary>Live radio over the internet</summary>
    <description>
    Listen to more than 1,500 live radio stations from coast-to-coast including pop, country, urban, rock, talk, and college.[CR]
    Browse radio stations by music genre and location.[CR]
    Read more: http://news.iheart.com/about/
    </description>
    <platform>all</platform>
    <language>en</language>
    <license>GPL-2.0-or-later</license>
    <source>https://github.com/divingmule/plugin.audio.iheart</source>
    <forum>http://forum.xbmc.org/showthread.php?tid=170721</forum>
    <website>http://iheart.com</website>
  </extension>
</addon>

<addon id="plugin.audio.tunein2017" name="TuneIn2017" version="1.6.4" provider-name="rols1 (rols1@gmx.de)">
	<requires>
		<import addon="xbmc.python" version="2.25.0"/>
    		<import addon="script.module.kodi-six" />
	</requires>
	<extension point="xbmc.python.pluginsource" library="tunein2017.py">
		<provides>audio</provides>
	</extension>
	<extension point="xbmc.addon.metadata">
		<summary lang="de">tunein.com-Addon für Kodi</summary>
		<summary lang="en">tunein.com-addon for Kodi</summary>
		<summary lang="es">Complemento de tunein.com para Kodi</summary>
		<description lang="de">Favoriten und Ordner (Tunein-Account erforderlich), Download-Option mit Streamripper, Standalone-Option StartWithMyRadioStations (Beispieldatei enthalten)</description>
		<description lang="es">Favoritos y carpetas de favoritos (se requiere cuenta en TuneIn). Opción de descarga con el programa Streamripper. Opción independiente para iniciar con Mis Emisoras de Radio (incluye archivo de muestra).</description>
		<platform>all</platform>
		<source>https://github.com/rols1/Kodi-Addon-TuneIn2017</source>
		<forum>https://www.kodinerds.net/index.php/Thread/66559-RELEASE-Kodi-Addon-TuneIn2017</forum>
		<license>The MIT License (MIT)</license>
		<language>"de_DE"</language>
 		<email>rols1@gmx.de</email>
		<assets>
			<icon>icon.png</icon>
			<fanart>fanart.jpg</fanart>
		</assets>
   </extension>
</addon>

<addon id="plugin.video.discover" name="Discover" version="301.1.1" provider-name="Newf276">
	<requires>
		<import addon="xbmc.python" version="2.25.0"/>
		<import addon="script.module.futures" version="2.2.0"/>
		<import addon="script.module.requests" version="2.9.1"/>
		<import addon="script.module.requests-cache" version="0.4.13"/>
        <import addon="metadata.tvdb.com" version="3.0.14"/>
	</requires>
	<extension point="xbmc.python.pluginsource" library="addon.py">
		<provides>video</provides>
	</extension>
	<extension point="xbmc.service" library="service.py" start="login"/>
	<extension point="kodi.context.item">
		<menu id="kodi.core.main">
			<item library="context.py">
				<label>Discover</label>
				<visible>String.IsEqual(ListItem.dbtype,movie) | String.IsEqual(ListItem.dbtype,episode)</visible>
			</item>
		</menu>
	</extension>
	<extension point="xbmc.addon.metadata">
		<reuselanguageinvoker>false</reuselanguageinvoker>
		<platform>all</platform>
        <summary>Fork of OpenMeta/Script.Meta script from A4K/vitor07. Thank you both for all the greeat work.</summary>
		<description>This script offers various possibilities to display online content inside skins as well as a complete MovieDB browser including info dialogs for various media types.Player files required, and Discover-Info for extra information.</description>
		<assets>
			<icon>resources/icon.png</icon>
			<fanart>resources/fanart.jpg</fanart>
			<screenshot>resources/screenshot000.jpg</screenshot>
			<screenshot>resources/screenshot001.jpg</screenshot>
			<screenshot>resources/screenshot002.jpg</screenshot>
		</assets>
	</extension>
</addon>

<addon id="repository.newf" name="Newf's Kodi Repository" version="1.1" provider-name="newf276">
    <extension point="xbmc.addon.repository" name="Newf's Kodi Repository">
        <dir minversion="18.0" maxversion="18.9.0">
			<info compressed="false">https://raw.githubusercontent.com/newf276/repository.newf/master/leia/zips/addons.xml</info>
            <checksum>https://raw.githubusercontent.com/newf276/repository.newf/master/leia/zips/addons.xml.md5</checksum>
            <datadir zip="true">https://raw.githubusercontent.com/newf276/repository.newf/master/leia/zips/</datadir>
		</dir>
		<dir minversion="18.9.0">
			<info compressed="false">https://raw.githubusercontent.com/newf276/repository.newf/master/matrix/zips/addons.xml</info>
            <checksum>https://raw.githubusercontent.com/newf276/repository.newf/master/matrix/zips/addons.xml.md5</checksum>
            <datadir zip="true">https://raw.githubusercontent.com/newf276/repository.newf/master/matrix/zips/</datadir>
		</dir>
        <dir>
            <info>https://raw.githubusercontent.com/newt-sc/a4kStreaming/master/packages/addons.xml</info><checksum>https://raw.githubusercontent.com/newt-sc/a4kStreaming/master/packages/addons.xml.crc</checksum>
            <datadir>https://github.com/newt-sc/a4kStreaming/archive</datadir>
            <artdir>https://github.com/newt-sc/a4kStreaming/releases/download/v0.1.0</artdir>
        </dir>
		<dir minversion="18.0" maxversion="18.9.0">
			<info compressed="false">https://raw.githubusercontent.com/nixgates/nixgates/master/packages/leia/addons.xml</info>
			<checksum>https://raw.githubusercontent.com/nixgates/nixgates/master/packages/leia/addons.xml.md5</checksum>
			<datadir zip="true">https://raw.githubusercontent.com/nixgates/nixgates/master/packages/leia/</datadir>
		</dir>
		<dir minversion="18.9.0">
			<info compressed="false">https://raw.githubusercontent.com/nixgates/nixgates/master/packages/matrix/addons.xml</info>
			<checksum>https://raw.githubusercontent.com/nixgates/nixgates/master/packages/matrix/addons.xml.md5</checksum>
			<datadir zip="true">https://raw.githubusercontent.com/nixgates/nixgates/master/packages/matrix/</datadir>
		</dir>
		<dir>
			<info compressed="false">https://raw.githubusercontent.com/newt-sc/a4kSubtitles/master/packages/addons.xml</info>
			<checksum>https://raw.githubusercontent.com/newt-sc/a4kSubtitles/master/packages/addons.xml.crc</checksum>
			<datadir>https://github.com/newt-sc/a4kSubtitles/archive</datadir>
			<artdir>https://github.com/a4k-openproject/a4kSubtitles/releases/download/v0.0.13</artdir>
		</dir>
        <dir>
            <info compressed="false">https://diamondbuild.xyz/repository/diamond/diamond_build_repo_k19/zips/addons.xml</info>
            <checksum>https://diamondbuild.xyz/repository/diamond/diamond_build_repo_k19/zips/addons.xml.md5</checksum>
            <datadir zip="true">https://diamondbuild.xyz/repository/diamond/diamond_build_repo_k19/zips/</datadir>
	   </dir>
        <dir>
            <info compressed="false">https://github.com/host505/repository.host505/raw/master/addons.xml</info>
            <checksum>https://github.com/host505/repository.host505/raw/master/addons.xml.md5</checksum>
            <datadir zip="true">https://raw.githubusercontent.com/host505/repository.host505/master/</datadir>
        </dir>
        <dir minversion="18.0" maxversion="18.9.0">
			<info compressed="false">https://raw.githubusercontent.com/jurialmunkey/repository.jurialmunkey/master/leia/zips/addons.xml</info>
            <checksum>https://raw.githubusercontent.com/jurialmunkey/repository.jurialmunkey/master/leia/zips/addons.xml.md5</checksum>
            <datadir zip="true">https://raw.githubusercontent.com/jurialmunkey/repository.jurialmunkey/master/leia/zips/</datadir>
		</dir>
		<dir minversion="18.9.0">
			<info compressed="false">https://raw.githubusercontent.com/jurialmunkey/repository.jurialmunkey/master/matrix/zips/addons.xml</info>
            <checksum>https://raw.githubusercontent.com/jurialmunkey/repository.jurialmunkey/master/matrix/zips/addons.xml.md5</checksum>
            <datadir zip="true">https://raw.githubusercontent.com/jurialmunkey/repository.jurialmunkey/master/matrix/zips/</datadir>
		</dir>
        <dir>
			<info compressed="false">https://raw.githubusercontent.com/drinfernoo/plugin.program.autowidget/repo/zips/addons.xml</info>
			<checksum>https://raw.githubusercontent.com/drinfernoo/plugin.program.autowidget/repo/zips/addons.xml.md5</checksum>
			<datadir zip="true">https://raw.githubusercontent.com/drinfernoo/plugin.program.autowidget/repo/zips/</datadir>
		</dir>
        <dir>
			<info compressed="false">https://raw.githubusercontent.com/123Venom/zips/master/addons.xml</info>
			<checksum>https://raw.githubusercontent.com/123Venom/zips/master/addons.xml.md5</checksum>
			<datadir zip="true">https://raw.githubusercontent.com/123Venom/zips/master/</datadir>
		</dir>
        <dir>
            <info compressed="false">https://k.slyguy.xyz/.repo/addons.xml</info>
            <checksum>https://k.slyguy.xyz/.repo/addons.xml.md5</checksum>
            <datadir zip="true">https://k.slyguy.xyz/.repo/</datadir>
        </dir>
        <dir maxversion="18.9.0">
            <info compressed="false">https://raw.githubusercontent.com/johnny5-is-alive/iat-repo/master/linux-x86_64/leia/addons.xml</info>
            <checksum>https://raw.githubusercontent.com/johnny5-is-alive/iat-repo/master/linux-x86_64/leia/addons.xml.md5</checksum>
            <datadir zip="true">https://raw.githubusercontent.com/johnny5-is-alive/iat-repo/master/linux-x86_64/leia/</datadir>
        </dir>
        <dir minversion="18.9.1">
            <info compressed="false">https://raw.githubusercontent.com/johnny5-is-alive/iat-repo/master/linux-x86_64/matrix/addons.xml</info>
            <checksum>https://raw.githubusercontent.com/johnny5-is-alive/iat-repo/master/linux-x86_64/matrix/addons.xml.md5</checksum>
            <datadir zip="true">https://raw.githubusercontent.com/johnny5-is-alive/iat-repo/master/linux-x86_64/matrix/</datadir>
        </dir>
        <dir>
            <info compressed="false">https://raw.githubusercontent.com/Gujal00/smrzips/master/addons.xml</info>
            <checksum>https://raw.githubusercontent.com/Gujal00/smrzips/master/addons.xml.md5</checksum>
            <datadir zip="true">https://raw.githubusercontent.com/Gujal00/smrzips/master/zips/</datadir>
        </dir>
</extension>
    <extension point="xbmc.addon.metadata">
        <summary>Kodi Matrix Repossitory</summary>
        <description>The official home of Newf's Matrix Repsository</description>
        <platform>all</platform>
        <assets>
            <icon>icon.jpg</icon>
        </assets>
        <assets>
            <fanart>fanart.jpg</fanart>
        </assets>
    </extension>
</addon>

<addon id="screensaver.weather" name="Weather Screensaver" version="200.0" provider-name="Newf276, drinferno, rob west">
    <requires>
    <import addon="xbmc.python" version="2.26.0"/>
    </requires>
    <extension point="xbmc.ui.screensaver" library="default.py"/>
    <extension point="xbmc.addon.metadata">
        <summary lang="en">Weather Screensaver</summary>
        <description lang="en">Screensaver that displays the weather.</description>
        <platform>all</platform>
        <license>See LICENSE.txt</license>
        <news>vV200.0 (2021-03-01)[CR]- Kodi 18 compatable</news>
        <assets>
            <icon>icon.png</icon>
            <fanart>fanart.jpg</fanart>
        </assets>
    </extension>
</addon>

<addon id="script.extendedinfo" name="Extended Info" version="900.1.1.3" provider-name="Newf276">
	<requires>
		<import addon="xbmc.python" version="2.25.0"/>
		<import addon="script.module.pil" version="1.1.7"/>
		<import addon="plugin.video.youtube" version="6.2.2"/>
		<import addon="script.module.requests" version="2.9.1"/>
		<import addon="script.skin.helper.service" version="1.0.0"/>
		<import addon="resource.images.studios.white" version="0.0.18"/>
		<import addon="plugin.video.discover" version="1.0.0" optional="true"/>
	</requires>
	<extension point="xbmc.python.script" library="script.py"/>
	<extension point="xbmc.python.pluginsource" library="plugin.py">
		<provides>video</provides>
	</extension>
	<extension point="kodi.context.item">
		<menu id="kodi.core.main">
			<item library="context.py">
				<label>Extended Info</label>
				<visible>String.IsEqual(ListItem.dbtype,movie) | String.IsEqual(ListItem.dbtype,tvshow) | String.IsEqual(ListItem.dbtype,season) | String.IsEqual(ListItem.dbtype,episode) | String.IsEqual(ListItem.dbtype,actor) | String.IsEqual(ListItem.dbtype,director)</visible>
			</item>
		</menu>
	</extension>
	<extension point="xbmc.addon.metadata">
		<reuselanguageinvoker>false</reuselanguageinvoker>
		<platform>all</platform>
		<summary>Fork of the ExtendedInfo script from phil65</summary>
		<description>This script offers various possibilities to display online content inside skins as well as a complete MovieDB browser including info dialogs for various media types. Needs skin implementation for lot of functions and discover for library functions.</description>
		<assets>
			<icon>icon.png</icon>
			<fanart>fanart.jpg</fanart>
		</assets>
		<news></news>
	</extension>
</addon>
</addons>
