<?xml version="1.0" encoding="UTF-8" standalone="yes"?>
<addon id="plugin.video.discover" name="Discover" version="1000.3" provider-name="Newf276">
	<requires>
		<import addon="xbmc.python" version="2.25.0"/>
		<import addon="script.module.futures" version="2.2.0"/>
		<import addon="script.module.requests" version="2.9.1"/>
		<import addon="script.module.requests-cache" version="0.4.13"/>
        <import addon="metadata.tvdb.com" version="3.0.14"/>
	</requires>
	<extension point="xbmc.python.pluginsource" library="addon.py">
		<provides>video</provides>
	</extension>
	<extension point="xbmc.service" library="service.py" start="login"/>
	<extension point="kodi.context.item">
		<menu id="kodi.core.main">
			<item library="context.py">
				<label>Discover</label>
				<visible>String.IsEqual(ListItem.dbtype,movie) | String.IsEqual(ListItem.dbtype,episode)</visible>
			</item>
		</menu>
	</extension>
	<extension point="xbmc.addon.metadata">
		<reuselanguageinvoker>false</reuselanguageinvoker>
		<platform>all</platform>
        <summary>Fork of OpenMeta/Script.Meta script from A4K/vitor07. Thank you both for all the greeat work.</summary>
		<description>This script offers various possibilities to display online content inside skins as well as a complete MovieDB browser including info dialogs for various media types.Player files required, and Discover-Info for extra information.</description>
		<assets>
			<icon>resources/icon.jpg</icon>
			<fanart>resources/fanart.jpg</fanart>
			<screenshot>resources/screenshot000.jpg</screenshot>
			<screenshot>resources/screenshot001.jpg</screenshot>
			<screenshot>resources/screenshot002.jpg</screenshot>
		</assets>
	</extension>
</addon>
