<?xml version="1.0" encoding="UTF-8" standalone="yes"?>
<addon id="script.extendedinfo" name="Discover-Info" version="200.0.1" provider-name="Newf276">
	<requires>
		<import addon="xbmc.python" version="2.25.0"/>
		<import addon="script.module.pil" version="1.1.7"/>
		<import addon="plugin.video.youtube" version="6.2.2"/>
		<import addon="script.module.requests" version="2.9.1"/>
		<import addon="script.skin.helper.service" version="1.0.0"/>
		<import addon="resource.images.studios.white" version="0.0.18"/>
	</requires>
	<extension point="xbmc.python.script" library="script.py"/>
	<extension point="xbmc.python.pluginsource" library="plugin.py">
		<provides>video</provides>
	</extension>
	<extension point="kodi.context.item">
		<menu id="kodi.core.main">
			<item library="context.py">
				<label>Discover-Info</label>
				<visible>String.IsEqual(ListItem.dbtype,movie) | String.IsEqual(ListItem.dbtype,tvshow) | String.IsEqual(ListItem.dbtype,season) | String.IsEqual(ListItem.dbtype,episode) | String.IsEqual(ListItem.dbtype,actor) | String.IsEqual(ListItem.dbtype,director)</visible>
			</item>
		</menu>
	</extension>
	<extension point="xbmc.addon.metadata">
		<reuselanguageinvoker>false</reuselanguageinvoker>
		<platform>all</platform>
		<summary>Fork of the ExtendedInfo script/OpenInfo from phil65/vitor07/A4K. Thank you all for the amazing coding work.</summary>
		<description>This script offers various possibilities to display online content inside skins as well as a complete MovieDB browser including info dialogs for various media types. Needs skin implementation for lot of functions and plugin.video.discover for library and player functions.</description>
		<assets>
			<icon>resources/icon.jpg</icon>
			<fanart>resources/fanart.jpg</fanart>
			<screenshot>resources/screenshot1.jpg</screenshot>
			<screenshot>resources/screenshot2.jpg</screenshot>
			<screenshot>resources/screenshot3.jpg</screenshot>
		</assets>
		<news>200.0.1 Customized for Discover Addon</news>
	</extension>
</addon>
