<?xml version="1.0" encoding="UTF-8"?>
<addon id="skin.seren" version="1.0.0+matrix.1" name="Skin-Seren" provider-name="newf276, phil65">
	<requires>
		<import addon="xbmc.gui" version="5.15.0"/>
	</requires>
	<extension point="xbmc.gui.skin" debugging="false">
		<res width="1920" height="1440" aspect="4:3" default="false" folder="xml" />
		<res width="1920" height="1280" aspect="3:2" default="false" folder="xml" />
		<res width="1920" height="1200" aspect="16:10" default="false" folder="xml" />
		<res width="2040" height="1080" aspect="17:9" default="false" folder="xml" />
		<res width="1920" height="1080" aspect="16:9" default="true" folder="xml" />
		<res width="2560" height="1080" aspect="21:9" default="false" folder="xml" />
		<res width="2338" height="1080" aspect="19.5:9" default="false" folder="xml" />
		<res width="2160" height="1080" aspect="18:9" default="false" folder="xml" />
	</extension>
	<extension point="xbmc.addon.metadata">
		<summary lang="en_GB">Seren skin by newf276</summary>
		<summary lang="en_US">Seren skin by newf276</summary>
		<description lang="en_GB">Seren Skin is a modded Estuary version for use with Seren 2.0 or higher. It attempts to be easy for first time Kodi users to understand and use and it integarates Seren and it's Trakt Collection based on your own Trakt Account. Thank you to phil65 for his original code.</description>
		<description lang="en_US">Seren Skin is a modded Estuary version for use with Seren 2.0 or higher. It attempts to be easy for first time Kodi users to understand and use and it integarates Seren and it's Trakt Collection based on your own Trakt Account. Thank you to phil65 for his original code.</description>
		<disclaimer lang="en_GB">Seren Skin is a modded Estuary version for use with Seren 2.0 or higher. Use at your own risk</disclaimer>
		<disclaimer lang="en_US">>Seren Skin is a modded Estuary version for use with Seren 2.0 or higher. Use at your own risk</disclaimer>
		<platform>all</platform>
		<license>CC BY-SA 4.0, GNU GENERAL PUBLIC LICENSE Version 2.0</license>
		<forum>http://forum.kodi.tv/</forum>
		<source>https://github.com/newf276/newf276.github.io/</source>
		<assets>
			<icon>resources/icon.png</icon>
			<fanart>resources/fanart.jpg</fanart>
		</assets>
	</extension>
</addon>
