<window type="dialog">
    <defaultcontrol>2</defaultcontrol>
    <coordinates>
        <left>0</left>
        <top>0</top>
        <origin x="0" y="0"></origin>
    </coordinates>
    <animation effect="fade" time="500">WindowOpen</animation>
    <animation effect="fade" end="0,576" time="500">WindowClose</animation>
    <controls>
        <!-- Background Texture -->
        <control type="image">
            <texture>$INFO[Window().Property(texture.white)]</texture>
            <colordiffuse>FF000000</colordiffuse>
        </control>

        <!-- Background -->
        <control type="image">
            <top>0</top>
            <left>0</left>
            <width>1920</width>
            <height>1080</height>
            <texture background="true">$INFO[Window().Property(newf.fanart)]</texture>
            <colordiffuse>66FFFFFF</colordiffuse>
        </control>

        <!--Title-->
        <control type="label">
            <top>25</top>
            <left>40</left>
            <width>100%</width>
            <height>50</height>
            <label>[UPPERCASE][COLOR $INFO[Window().Property(settings.color)]]newf[/COLOR] - $INFO[Window.Property(package.name)][/UPPERCASE]</label>
            <font>font37</font>
            <textcolor>white</textcolor>
        </control>

        <!-- Settings List -->
        <control type="image">
            <top>113</top>
            <left>40</left>
            <width>700</width>
            <height>890</height>
            <texture>$INFO[Window().Property(texture.white)]</texture>
            <colordiffuse>FF362e33</colordiffuse>
        </control>
        <control type="label">
            <top>123</top>
            <left>60</left>
            <label>$ADDON[plugin.video.newf 30515]</label>
            <visible>!String.IsEqual(Window().Property(hassettings),true)</visible>
        </control>
        <control type="list" id="1000">
            <viewtype label="Sources">list</viewtype>
            <onright>2000</onright>
            <left>40</left>
            <top>113</top>
            <width>700</width>
            <height>890</height>
            <orientation>vertical</orientation>
            <focusposition>1</focusposition>
            <itemlayout height="60">
                <control type="image">
                    <top>15</top>
                    <width>100%</width>
                    <height>100%</height>
                    <texture>$INFO[Window().Property(texture.white)]</texture>
                    <colordiffuse>22000000</colordiffuse>
                </control>
                <control type="label">
                    <top>15</top>
                    <left>10</left>
                    <width>1400</width>
                    <height>50</height>
                    <font>font_tiny</font>
                    <textcolor>66FFFFFF</textcolor>
                    <align>left</align>
                    <aligny>center</aligny>
                    <label>[B][UPPERCASE]$INFO[ListItem.Label][/UPPERCASE][/B]</label>
                </control>
                <control type="label">
                    <top>20</top>
                    <right>10</right>
                    <width>350</width>
                    <height>50</height>
                    <font>font_tiny</font>
                    <textcolor>66FFFFFF</textcolor>
                    <align>left</align>
                    <label>[COLOR $INFO[Window().Property(settings.color)]]$INFO[ListItem.Property(value)][/COLOR]
                    </label>
                </control>
            </itemlayout>

            <focusedlayout height="60">
                <control type="image">
                    <top>15</top>
                    <width>100%</width>
                    <height>90%</height>
                    <texture>$INFO[Window().Property(texture.white)]</texture>
                    <colordiffuse>FFFFFFFF</colordiffuse>
                </control>
                <control type="label">
                    <top>15</top>
                    <left>10</left>
                    <width>1400</width>
                    <height>50</height>
                    <font>font_tiny</font>
                    <textcolor>FF000000</textcolor>
                    <align>left</align>
                    <aligny>center</aligny>
                    <label>[B][UPPERCASE]$INFO[ListItem.Label][/UPPERCASE][/B]</label>
                </control>
                <control type="label">
                    <top>20</top>
                    <right>10</right>
                    <width>350</width>
                    <height>50</height>
                    <font>font_tiny</font>
                    <textcolor>FF000000</textcolor>
                    <align>left</align>
                    <label>[COLOR $INFO[Window().Property(settings.color)]]$INFO[ListItem.Property(value)][/COLOR]
                    </label>
                </control>
            </focusedlayout>
        </control>

        <!-- Provider List -->

        <control type="list" id="2000">
            <viewtype label="Sources">list</viewtype>
            <onright>3000</onright>
            <onleft>1000</onleft>
            <left>790</left>
            <top>113</top>
            <width>650</width>
            <height>890</height>
            <itemgap>20</itemgap>
            <orientation>vertical</orientation>
            <focusposition>1</focusposition>
            <itemlayout height="146">
                <control type="group">
                    <width>1200</width>
                    <left>0</left>
                    <control type="image">
                        <left>0</left>
                        <width>100%</width>
                        <height>136</height>
                        <texture>white.png</texture>
                        <colordiffuse>99362e33</colordiffuse>
                    </control>
                    <control type="label">
                        <top>20</top>
                        <left>25</left>
                        <width>800</width>
                        <height>200</height>
                        <font>font10</font>
                        <textcolor>66FFFFFF</textcolor>
                        <align>left</align>
                        <aligny>top</aligny>
                        <label>[B][UPPERCASE]$INFO[ListItem.Label][/UPPERCASE][/B]</label>
                    </control>
                    <control type="label">
                        <top>75</top>
                        <left>25</left>
                        <width>800</width>
                        <height>200</height>
                        <font>font10</font>
                        <textcolor>66FFFFFF</textcolor>
                        <align>left</align>
                        <aligny>top</aligny>
                        <visible>String.IsEqual(ListItem.Property(status),Enabled)</visible>
                        <label>Version: [COLOR green][B][UPPERCASE]$INFO[ListItem.Property(status)][/UPPERCASE][/B][/COLOR]</label>
                    </control>
                    <control type="label">
                        <top>75</top>
                        <left>25</left>
                        <width>800</width>
                        <height>200</height>
                        <font>font10</font>
                        <textcolor>66FFFFFF</textcolor>
                        <align>left</align>
                        <aligny>top</aligny>
                        <visible>!String.IsEqual(ListItem.Property(status),Enabled)</visible>
                        <label>Version: [COLOR indianred][B][UPPERCASE]$INFO[ListItem.Property(status)][/UPPERCASE][/B][/COLOR]</label>
                    </control>
                    <control type="image">
                            <left>0</left>
                            <width>100%</width>
                            <height>136</height>
                            <texture>white.png</texture>
                            <colordiffuse>55000000</colordiffuse>
                    </control>
                </control>
            </itemlayout>

            <focusedlayout height="320">
                <control type="group">
                    <control type="image">
                        <left>0</left>
                        <top>10</top>
                        <width>100%</width>
                        <height>290</height>
                        <texture>white.png</texture>
                        <colordiffuse>FF362e33</colordiffuse>
                    </control>
                    <control type="image">
                        <visible>!String.IsEmpty(ListItem.Property(provider.image))</visible>
                        <texture>$INFO[ListItem.Property(provider.image)]</texture>
                    </control>
                    <control type="image">
                        <top>50</top>
                        <left>10</left>
                        <width>200</width>
                        <height>200</height>
                        <aspectratio>keep</aspectratio>
                        <texture>$INFO[Window().Property(newf.logo)]</texture>
                    </control>
                    <control type="label">
                        <top>75</top>
                        <left>210</left>
                        <width>800</width>
                        <height>50</height>
                        <font>font45</font>
                        <textcolor>FFFFFFFF</textcolor>
                        <align>left</align>
                        <aligny>center</aligny>
                        <label>[B][UPPERCASE]$INFO[ListItem.Label][/UPPERCASE][/B]</label>
                    </control>
                    <control type="label">
                        <top>125</top>
                        <left>210</left>
                        <width>800</width>
                        <height>200</height>
                        <font>font10</font>
                        <textcolor>66FFFFFF</textcolor>
                        <align>left</align>
                        <aligny>top</aligny>
                        <wrapmultiline>true</wrapmultiline>
                        <visible>!String.IsEqual(ListItem.Property(status),Enabled)</visible>
                        <label>Version: [COLOR indianred][B][UPPERCASE]$INFO[ListItem.Property(status)][/UPPERCASE][/B][/COLOR]</label>
                    </control>
                    <control type="label">
                        <top>125</top>
                        <left>210</left>
                        <width>800</width>
                        <height>200</height>
                        <font>font10</font>
                        <textcolor>66FFFFFF</textcolor>
                        <align>left</align>
                        <aligny>top</aligny>
                        <wrapmultiline>true</wrapmultiline>
                        <visible>String.IsEqual(ListItem.Property(status),Enabled)</visible>
                        <label>Version: [COLOR green][B][UPPERCASE]$INFO[ListItem.Property(status)][/UPPERCASE][/B][/COLOR]</label>
                    </control>
                    <control type="label">
                        <top>160</top>
                        <left>210</left>
                        <width>800</width>
                        <height>200</height>
                        <font>font10</font>
                        <textcolor>66FFFFFF</textcolor>
                        <align>left</align>
                        <aligny>top</aligny>
                        <wrapmultiline>true</wrapmultiline>
                        <label>$INFO[ListItem.Property(info)]</label>
                    </control>
                </control>
            </focusedlayout>
        </control>

        <!-- Side Info -->
        <control type="group">
            <top>120</top>
            <right>27</right>
            <width>400</width>
            <control type="group">
                <top>0</top>
                <height>700</height>
                <control type="image">
                    <width>400</width>
                    <height>660</height>
                    <texture>white.png</texture>
                    <colordiffuse>99362e33</colordiffuse>
                </control>
                <control type="grouplist" id="3000">
                    <top>20</top>
                    <onleft>2000</onleft>
                    <height>100%</height>
                    <width>100%</width>
                    <itemgap>10</itemgap>
                    <control type="button" id="3001">
                        <width>100%</width>
                        <height>80</height>
                        <textoffsetx>20</textoffsetx>
                        <texturefocus colordiffuse="$INFO[Window().Property(settings.color)]">white.png</texturefocus>
                        <texturenofocus colordiffuse="22000000">white.png</texturenofocus>
                        <label>$ADDON[plugin.video.newf 30265]</label>
                        <align>right</align>
                        <textcolor>white</textcolor>
                    </control>
                    <control type="button" id="3002">
                        <width>100%</width>
                        <height>80</height>
                        <textoffsetx>20</textoffsetx>
                        <texturefocus colordiffuse="$INFO[Window().Property(settings.color)]">white.png</texturefocus>
                        <texturenofocus colordiffuse="22000000">white.png</texturenofocus>
                        <label>$ADDON[plugin.video.newf 30266]</label>
                        <align>right</align>
                        <textcolor>white</textcolor>
                     </control>
                    <control type="button" id="3003">
                        <width>100%</width>
                        <height>80</height>
                        <textoffsetx>20</textoffsetx>
                        <texturefocus colordiffuse="$INFO[Window().Property(settings.color)]">white.png</texturefocus>
                        <texturenofocus colordiffuse="22000000">white.png</texturenofocus>
                        <label>$ADDON[plugin.video.newf 30267]</label>
                        <align>right</align>
                        <textcolor>white</textcolor>
                     </control>
                    <control type="button" id="3004">
                        <width>100%</width>
                        <height>80</height>
                        <textoffsetx>20</textoffsetx>
                        <texturefocus colordiffuse="$INFO[Window().Property(settings.color)]">white.png</texturefocus>
                        <texturenofocus colordiffuse="22000000">white.png</texturenofocus>
                        <label>$ADDON[plugin.video.newf 30268]</label>
                        <align>right</align>
                        <textcolor>white</textcolor>
                     </control>
                    <control type="button" id="3005">
                        <width>100%</width>
                        <height>80</height>
                        <textoffsetx>20</textoffsetx>
                        <texturefocus colordiffuse="$INFO[Window().Property(settings.color)]">white.png</texturefocus>
                        <texturenofocus colordiffuse="22000000">white.png</texturenofocus>
                        <label>$ADDON[plugin.video.newf 30269]</label>
                        <align>right</align>
                        <textcolor>white</textcolor>
                     </control>
                    <control type="button" id="3006">
                        <width>100%</width>
                        <height>80</height>
                        <textoffsetx>20</textoffsetx>
                        <texturefocus colordiffuse="$INFO[Window().Property(settings.color)]">white.png</texturefocus>
                        <texturenofocus colordiffuse="22000000">white.png</texturenofocus>
                        <label>$ADDON[plugin.video.newf 30270]</label>
                        <align>right</align>
                        <textcolor>white</textcolor>
                     </control>
                    <control type="button" id="2001">
                        <width>100%</width>
                        <height>80</height>
                        <textoffsetx>20</textoffsetx>
                        <texturefocus colordiffuse="$INFO[Window().Property(settings.color)]">white.png</texturefocus>
                        <texturenofocus colordiffuse="22000000">white.png</texturenofocus>
                        <label>$ADDON[plugin.video.newf 30495]</label>
                        <align>right</align>
                        <textcolor>white</textcolor>
                     </control>
                </control>
            </control>

        </control>
    </controls>
</window>
