<?xml version="1.0" encoding="UTF-8"?>
<addon id="skin.estuary.newf" version="2.0.27" name="Estuary-Newf" provider-name="newf276, Ichabod Fletchman">
	<requires>
		<import addon="xbmc.gui" version="5.14.0"/>
	</requires>
	<extension point="xbmc.gui.skin" debugging="false">
		<res width="1920" height="1440" aspect="4:3" default="false" folder="xml" />
		<res width="1920" height="1280" aspect="3:2" default="false" folder="xml" />
		<res width="1920" height="1200" aspect="16:10" default="false" folder="xml" />
		<res width="2040" height="1080" aspect="17:9" default="false" folder="xml" />
		<res width="1920" height="1080" aspect="16:9" default="true" folder="xml" />
		<res width="2560" height="1080" aspect="21:9" default="false" folder="xml" />
		<res width="2338" height="1080" aspect="19.5:9" default="false" folder="xml" />
		<res width="2160" height="1080" aspect="18:9" default="false" folder="xml" />
	</extension>
	<extension point="xbmc.addon.metadata">
		<summary lang="af_ZA">Newf oortreksel deur newf276. (Kodi se bestek oortreksel)</summary>
		<summary lang="bg_BG">Newf облик от newf276 и Piers. (стандартния облик на Kodi)</summary>
		<summary lang="ca_ES">Aparença newf per newf276 i Piers. (aparença predeterminada de Kodi)</summary>
		<summary lang="cs_CZ">Vzhled newf od autora newf276. (Výchozí vzhled Kodi)</summary>
		<summary lang="da_DK">Newf skin af newf276 (Kodi's standard brugerflade).</summary>
		<summary lang="de_DE">Newf Skin von newf276 und Piers. (Kodi Standardskin)</summary>
		<summary lang="el_GR">Το κέλυφος newf από τον newf276 και τον Pier. (προεπιλεγμένο κέλυφος του Kodi)</summary>
		<summary lang="en_GB">Newf skin by newf276. (Kodi's default skin)</summary>
		<summary lang="en_NZ">Newf skin by newf276 and Piers. (Kodi's default skin)</summary>
		<summary lang="en_US">Newf skin by newf276 and Piers. (Kodi's default skin)</summary>
		<summary lang="es_AR">Skin Newf por newf276 (skin por defecto de Kodi)</summary>
		<summary lang="es_ES">Skin Newf, creado por newf276 and Piers (skin por defecto de Kodi).</summary>
		<summary lang="es_MX">Newf skin por newf276 y Piers. (El skin por defecto de Kodi)</summary>
		<summary lang="et_EE">Newf rüü autorilt newf276. (Kodi vaikerüü)</summary>
		<summary lang="eu_ES">Newf azala newf276-ek egina. (Kodiren azal lehenetsia)</summary>
		<summary lang="fi_FI">Newf on newf276:n luoma Kodin oletusulkoasu.</summary>
		<summary lang="fr_CA">Habillage newf par newf276 et Piers (habillage par défaut de Kodi).</summary>
		<summary lang="fr_FR">Newf, un habillage par newf276 et Piers (habillage d'origine de Kodi).</summary>
		<summary lang="gl_ES">Pel newf por newf276 and Piers. (Pel predefinida do Kodi)</summary>
		<summary lang="he_IL">מעטפת newf של newf276 (ברירת המחדל של קודי)</summary>
		<summary lang="hr_HR">Newf presvlaka autora newf276 i Piersa. (uobičajena Kodi presvlaka)</summary>
		<summary lang="hu_HU">Newf felszín. Készítette newf276 és Piers. (Kodi alapértelmezett felszín)</summary>
		<summary lang="is_IS">Newf-skinnið eftir newf276. (sjálfgefið útlit Kodi)</summary>
		<summary lang="it_IT">Skin Newf da newf276 e Piers. (Skin predefinita di Kodi)</summary>
		<summary lang="ja_JP">Newfスキン by newf276 and Piers (Kodi デフォルトスキン)</summary>
		<summary lang="ko_KR">newf276가 만든 newf 스킨. (Kodi 기본 스킨)</summary>
		<summary lang="lt_LT">Newf teminė išvaizda, kurią sukūrė newf276 ir Piers. (Numatytoji Kodi teminė išvaizda)</summary>
		<summary lang="lv_LV">Newf apvalks no newf276. (Kodi noklusējuma apvalks)</summary>
		<summary lang="mk_MK">Newf skin by newf276. (Kodi's default skin)</summary>
		<summary lang="ms_MY">Kulit newf oleh newf276 dan rakan-rakan. (Kulit lalai Kodi)</summary>
		<summary lang="nb_NO">Esturay-drakt av newf276 og Piers. (Kodis forvalgte drakt)</summary>
		<summary lang="nl_NL">Newf skin door newf276 en Piers. (Kodi's standaardskin)</summary>
		<summary lang="pl_PL">Skóra Eustary autorstwa newf276. (domyślna skóra Kodi)</summary>
		<summary lang="pt_BR">Skin Newf por newf276 e Piers. (Skin padrão do Kodi)</summary>
		<summary lang="pt_PT">Visual newf de newf276 e Piers. (Visual por omissão do Kodi)</summary>
		<summary lang="ro_RO">Tema newf de newf276. (Temă implicită pentru Kodi)</summary>
		<summary lang="ru_RU">Обложка newf (стандартная обложка Kodi). Авторы: newf276 and Piers.</summary>
		<summary lang="sk_SK">Vzhľad newf, vytvorili newf276. (predvolený vzhľad pre Kodi)</summary>
		<summary lang="sr_RS">Маска newf аутора newf276 и Piers. (Подразумевана Коди маска)</summary>
		<summary lang="sr_RS@latin">Maska newf autora newf276 i Piers. (Podrazumevana Kodi maska)</summary>
		<summary lang="sv_SE">Newf, ett skal av newf276. (Kodi's standardskal)</summary>
		<summary lang="szl">Skōra newf ôd newf276 i Piers. (Wychodnŏ skōra Kodi)</summary>
		<summary lang="th_TH">สกิน newf โดย newf276 และ Piers (หน้าตาเริ่มต้นของKodi)</summary>
		<summary lang="tr_TR">Newf dış görünümü. newf276 (Kodi'nin varsayılan dış görünümü)</summary>
		<summary lang="uk_UA">Обкладинка newf від newf276 і Piers. (стандартна обкладинка Kodi)</summary>
		<summary lang="zh_CN">newf276 开发的 newf 皮肤（Kodi 的默认皮肤）。</summary>
		<summary lang="zh_TW">newf276與Piers 製作的newf佈景主題（Kodi的預設佈景主題）</summary>
		<description lang="af_ZA">Newf is die bestek oortreksel vir Kodi 17.0 en op. Dit poog om maklik te wees vir eerste keer Kodi gebruikers om te verstaan en te gebruik.</description>
		<description lang="bg_BG">Newf е стандартният облик на Kodi 17 и по-новите версии. Целта е да се улеснят хората, които се сблъскват за първи път с Kodi.</description>
		<description lang="ca_ES">Newf és l'aparença predeterminada de Kodi 17.0 i posteriors. Per als usuaris per primera vegada de Kodi, intenta ser fàcil d'entendre i d'utilitzar.</description>
		<description lang="cs_CZ">Newf je výchozí vzhled pro Kodi 17.0 a vyšší. Snaží se být jednoduše pochopitelný a použitelný pro nové uživatele Kodi.</description>
		<description lang="da_DK">Newf er standardbrugerfladen for Kodi 17.0 og højere. Det forenkler førstegangsbrugen af Kodi ved at gøre det nemmere at forstå og bruge.</description>
		<description lang="de_DE">Newf ist der Standardskin für Kodi 17.0 und höher. Ziel war es, einen einfach zu bedienenden Skin für neue Kodi-Benutzer zu entwickeln.</description>
		<description lang="el_GR">Το newf είναι η προεπιλεγμένη αμφίεση για τις εκδόσεις Kodi 17.0 και άνω. Επιχειρεί να είναι προσιτό στους αρχάριους χρήστες του Kodi για να το κατανοήσουν και να το χρησιμοποιήσουν.</description>
		<description lang="en_GB">Newf is the default skin for Kodi 17.0 and above. It attempts to be easy for first time Kodi users to understand and use.</description>
		<description lang="en_NZ">Newf is the default skin for Kodi 17.0 and above. It attempts to be easy for first time Kodi users to understand and use.</description>
		<description lang="en_US">Newf is the default skin for Kodi 17.0 and above. It attempts to be easy for first time Kodi users to understand and use.</description>
		<description lang="es_AR">Newf es el skin por defecto para Kodi 17.0 y posteriores. Intenta ser fácil de entender y utilizar para los usuarios Kodi primerizos.</description>
		<description lang="es_ES">Newf es el skin por defecto para Kodi 17.0 o superior. Su objetivo es la facilidad de comprensión y uso para usuarios primerizos de Kodi.</description>
		<description lang="es_MX">Newf es el skin por defecto para Kodi 17.0 y superior. Intenta ser fácil para los usuarios de Kodi de primera vez para entender y usar.</description>
		<description lang="eu_ES">Newf azala kodi 17.0 eta berriagoen azal lehenetsia da. Kodiren erabiltzaile hasiberrientzako erabilerraza eta ulerterraza izaten saiatzen da.</description>
		<description lang="fi_FI">Newf on oletusulkoasu Kodin versiosta 17.0 lähtien. Se pyrkii olemaan helppo ymmärtää ja käyttää Kodin ensikäyttäjille. </description>
		<description lang="fr_CA">Newf est l’habillage par défaut pour Kodi 17.0 et ultérieure. Il s’efforce d’être facile à comprendre et à utiliser pour les utilisateurs débutants de Kodi.</description>
		<description lang="fr_FR">Newf est l'habillage d'origine pour Kodi 17.0 et supérieur. Il est facile à comprendre et à utiliser pour les utilisateurs novices de Kodi.</description>
		<description lang="gl_ES">Newf é a pel predefinida para Kodi 17.0 e superior. Esta tenta ser doada de entender e usar polos usuarios recen chegados a Kodi.</description>
		<description lang="he_IL">Newf היא מעטפת ברירת המחדל של קודי מגרסאות 17.0 ומעלה. מטרת מעטפת זו היא להיות פשוטה לשימוש ולהכרה ראשונית על ידי משתמשים חדשים.</description>
		<description lang="hr_HR">Newf je uobičajena presvlaka za Kodi 17.0 i novije inačice. To je pokušaj da se novim korisnicima olakša prvo korištenje i kasnija upotreba Kodija.</description>
		<description lang="hu_HU">Az newf az alapértelmezett felszín a 17.0 és újabb Kodi kiadásokban.  Megpróbál könnyen kezelhető és használható lenni, az újonc Kodi felhasználóknak is.</description>
		<description lang="is_IS">Newf er sjálfgefið skinn fyrir Kodi 17.0 og nýrri. Með því á að vera auðvelt fyrir fyrsta-skiptis Kodi-notendur að skilja og nota viðmótið.</description>
		<description lang="it_IT">Newf è la skin predefinita di Kodi 17.0 e successivi. Cerca di essere facile da capire e usare per i nuovi utenti di Kodi.</description>
		<description lang="ja_JP">NewfはKodi 17.0およびそれ以上のバージョンで標準のスキンです。ユーザーが初めてKodiに触れる際にわかりやすく使えるようにしてあります。</description>
		<description lang="ko_KR">Newf는 Kodi 17.0이상의 기본 스킨입니다. 처음 Kodi를 접하는 사용자가 쉽게 이해하고 사용할 수 있도록 만들었습니다.</description>
		<description lang="lt_LT">Newf yra numatytoji Kodi 17.0 ir aukštesnių versijų teminė išvaizda. Jos tikslas yra būti lengvai perprantama naujiems Kodi vartotojams.</description>
		<description lang="ms_MY">Newf ialah kulit lalai untuk Kodi 17.0 dan ke atas. Kulit yang mudah digunakan buat pengguna Kodi kali pertama untuk memahami dan menggunakannya.</description>
		<description lang="nb_NO">Newf er forvalgt drakt til Kodi 17.0 og nyere. Det tar mål av seg å være en enkel drakt for førstegangsbrukere av Kodi, slik at det er til å forstå og kan brukes.</description>
		<description lang="nl_NL">Newf is de standaardskin voor Kodi 17.0 en hoger. Het tracht eenvoudig te begrijpen en te gebruiken te zijn voor beginnende Kodi-gebruikers.</description>
		<description lang="pl_PL">Eustary jest domyślną skórą Kodi dla wersji 17.0 i późniejszych. Jest próbą łatwego wprowadzenia początkujących użytkowników w funkcje Kodi.</description>
		<description lang="pt_BR">Newf é a skin padrão para o Kodi 17.0 e acima. Objetiva ser fácil para usuários que iniciam no Kodi pela primeira vez, facilitando aprendizagem de uso do mesmo.</description>
		<description lang="pt_PT">O newf é o visual por omissão para o Kodi 17.0 e posteriores. Tenta ser simples para os utilizadores menos experientes do Kodi compreenderem e usarem.</description>
		<description lang="ro_RO">Newf este tema implicită pentru Kodi 17.0 și versiunile ulterioare. Încearcă să fie ușor de înțeles și folosit pentru utilizatorii care folosesc Kodi pentru prima dată.</description>
		<description lang="ru_RU">Newf — это стандартная обложка Kodi, начиная с версии 17.0.&#10;Простая и понятная в использовании для новых пользователей Kodi.</description>
		<description lang="sk_SK">Newf je predvolený vzhľad pre Kodi 17.0 a vyššie. Pokúša sa byť pre prvotných používateľov Kodi jednoduchým na pochopenie a používanie.</description>
		<description lang="sr_RS">Newf је подразумевана маска за Kodi 17.0 и изнад. Покушава да буде једноставан за разумевање и коришћење новим корисницима Kodi-ја.</description>
		<description lang="sr_RS@latin">Newf je podrazumevana maska za Kodi 17.0 i iznad. Pokušava da bude jednostavan za razumevanje i korišćenje novim korisnicima Kodija.</description>
		<description lang="sv_SE">Newf är standardskalet för Kodi 17.0 och uppåt. Det är utformat för att vara lättförståeligt och användarvänligt för förstagångsanvändare av Kodi.</description>
		<description lang="szl">Newf je wychodnōm skōrōm Kodi dlŏ wersyje 17.0 i dalszych. Prōbuje być proste dlŏ używŏczōw, dlŏ kerych Kodi je nowe</description>
		<description lang="th_TH">Newf คือหน้าตาเริ่มต้นของ Kodi 17.0 และสูงกว่า เป็นความพยายามที่จะทำให้ง่ายสำหรับผู้ใช้ Kodi ในครั้งแรก ที่จะเข้าใจและใช้งาน</description>
		<description lang="tr_TR">Newf Kodi 17.0 ve yukarısı için varsayılan dış görünümdür. İlk kez Kodi kullananlar için anlaşılması ve kullanımı kolaydır.</description>
		<description lang="uk_UA">Newf є стандартною обкладинкою Kodi 17.0 і подальших версій. Її основна ідея — простота використання для нових користувачів Kodi.</description>
		<description lang="zh_CN">Newf 是 Kodi 17.0 的默认皮肤。它力求使首次使用 Kodi 的用户易于上手。</description>
		<description lang="zh_TW">Newf是Kodi 17.0開始搭載的預設佈景主題。主要在讓第一次使用 Kodi 的使用者可以簡單地上手。</description>
		<disclaimer lang="af_ZA">Newf is die bestek oortreksel vir Kodi, verwydering mag probleme veroorsaak</disclaimer>
		<disclaimer lang="bg_BG">Newf е стандартният облик на Kodi. Премахването му може да предизвика проблеми</disclaimer>
		<disclaimer lang="ca_ES">Newf és l'aparença predeterminada de Kodi, si s'elimina pot causar problemes.</disclaimer>
		<disclaimer lang="cs_CZ">Newf je výchozí vzhled pro Kodi, jeho odebrání může způsobit problémy</disclaimer>
		<disclaimer lang="cy_GB">Newf yw croen diofyn Kodi. Efallai bydd ei dynnu yn achosi problemau</disclaimer>
		<disclaimer lang="da_DK">Newf er standard brugerfladen. Fjernes det kan der opstå problemer.</disclaimer>
		<disclaimer lang="de_DE">Newf ist der Standardskin von Kodi. Ein Entfernen des Skins kann Probleme verursachen.</disclaimer>
		<disclaimer lang="el_GR">Το newf είναι η προεπιλεγμένη αμφίεση για το Kodi. Η αφαίρεσή του μπορεί να δημιουργήσει προβλήματα.</disclaimer>
		<disclaimer lang="en_GB">Newf is the default skin for Kodi, removing it may cause issues</disclaimer>
		<disclaimer lang="en_NZ">Newf is the default skin for Kodi, removing it may cause issues</disclaimer>
		<disclaimer lang="en_US">Newf is the default skin for Kodi, removing it may cause issues</disclaimer>
		<disclaimer lang="es_AR">Newf es el skin por defecto de Kodi. Borrarlo puede causar problemas</disclaimer>
		<disclaimer lang="es_ES">Newf es el skin por defecto de Kodi. Desinstalarlo puede causar problemas.</disclaimer>
		<disclaimer lang="es_MX">Newf es el skin por defecto para Kodi, su eliminación puede causar problemas</disclaimer>
		<disclaimer lang="eu_ES">Newf Kodiren azal lehenetsia da. Ezabatzeak arazoak eragin ditzake</disclaimer>
		<disclaimer lang="fi_FI">Newf on Kodin oletusulkoasu, sen poisto voi aiheuttaa ongelmia</disclaimer>
		<disclaimer lang="fr_CA">Newf est l’habillage par défaut de Kodi, le supprimer peut créer des problèmes</disclaimer>
		<disclaimer lang="fr_FR">Newf est l'habillage d'origine de Kodi, le retirer peut créer des problèmes</disclaimer>
		<disclaimer lang="gl_ES">Newf é a pel predefinida para Kodi e eliminala pode causar problemas.</disclaimer>
		<disclaimer lang="he_IL">Newf היא מעטפת ברירת המחדל של קודי, הסרתה עלולה לגרום לתקלות</disclaimer>
		<disclaimer lang="hr_HR">Newf je uobičajena presvlaka za Kodi, njegovim uklanjanjem može uzrokovati poteškoće</disclaimer>
		<disclaimer lang="hu_HU">Az newf az alapértelmezett Kodi felszín. Eltávolítása problémákat okozhat.</disclaimer>
		<disclaimer lang="is_IS">Newf er sjálfgefið skinn fyrir Kodi, ef það er fjarlægt gætu komið upp ýmis vandamál</disclaimer>
		<disclaimer lang="it_IT">Newf è la skin predefinita di Kodi, rimuoverla potrebbe causare problemi</disclaimer>
		<disclaimer lang="ja_JP">NewfはKodiのデフォルトスキンなので、これを削除するとうまく動かなくなる可能性があります</disclaimer>
		<disclaimer lang="ko_KR">Newf는 Kodi의 기본스킨으로 제거시 문제가 생길 수 있습니다.</disclaimer>
		<disclaimer lang="lt_LT">Newf yra numatytoji Kodi teminė išvaizda, jos pašalinimas gali sukelti problemų</disclaimer>
		<disclaimer lang="ms_MY">Newf ialah kulit lalai Kodi, mengubahnya boleh menimbulkan isu.</disclaimer>
		<disclaimer lang="nb_NO">Newf er forvalgt drakt for Kodi, dersom du fjerner det kan det forårsake problemer.</disclaimer>
		<disclaimer lang="nl_NL">Newf is de standaardskin voor Kodi, het verwijderen van newf kan leiden tot problemen.</disclaimer>
		<disclaimer lang="pl_PL">Eustary jest domyślną skórą Kodi, usunięciejej może powodować problemy</disclaimer>
		<disclaimer lang="pt_BR">Newf é a skin padrão para o Kodi, removendo-a pode causar problemas</disclaimer>
		<disclaimer lang="pt_PT">O newf é o visual por omissão do Kodi; se o remover, poderá ter alguns problemas</disclaimer>
		<disclaimer lang="ro_RO">Newf este tema implicită pentru Kodi, eliminarea ei poate cauza probleme</disclaimer>
		<disclaimer lang="ru_RU">Newf — это стандартная обложка Kodi, и ее удаление может привести к возникновению проблем</disclaimer>
		<disclaimer lang="sk_SK">Newf je predvolený vzhľad pre Kodi, jeho odstránenie môže spôsobiť problémy</disclaimer>
		<disclaimer lang="sr_RS">Newf је подразумевана маска за Kodi, уклањање може изазвати проблеме</disclaimer>
		<disclaimer lang="sr_RS@latin">Newf je podrazumevana maska za Kodi, uklanjanje može izazvati probleme</disclaimer>
		<disclaimer lang="sv_SE">Newf är Kodis standardskal. Om du tar bort det kan det orsaka problem.</disclaimer>
		<disclaimer lang="szl">Newf je wychodnōm skōrōm Kodi, jij uchrōniynie może sprŏwiać niyprzileżytości</disclaimer>
		<disclaimer lang="th_TH">Newf เป็นหน้าตาเริ่มต้นสำหรับ Kodi, การลบมัน อาจทำให้เกิดปัญหา</disclaimer>
		<disclaimer lang="tr_TR">Newf Kodi için varsayılan dış görünümdür, kaldırmak sorunlara yol açabilir</disclaimer>
		<disclaimer lang="uk_UA">Newf — основна обкладинка Kodi, і її видалення може призвести до проблем</disclaimer>
		<disclaimer lang="zh_CN">Newf 是 Kodi 的默认皮肤，删除它可能导致故障。</disclaimer>
		<disclaimer lang="zh_TW">Newf 是 Kodi 預設的佈景主題，移除它可能會造成問題</disclaimer>
		<platform>all</platform>
		<license>CC BY-SA 4.0, GNU GENERAL PUBLIC LICENSE Version 2.0</license>
		<forum>http://forum.kodi.tv/</forum>
		<source>https://github.com/xbmc/skin.estuary.newf/</source>
		<assets>
			<icon>resources/icon.png</icon>
			<fanart>resources/fanart.jpg</fanart>
			<screenshot>resources/screenshot-01.jpg</screenshot>
			<screenshot>resources/screenshot-02.jpg</screenshot>
			<screenshot>resources/screenshot-03.jpg</screenshot>
			<screenshot>resources/screenshot-04.jpg</screenshot>
			<screenshot>resources/screenshot-05.jpg</screenshot>
			<screenshot>resources/screenshot-06.jpg</screenshot>
			<screenshot>resources/screenshot-07.jpg</screenshot>
			<screenshot>resources/screenshot-08.jpg</screenshot>
		</assets>
	</extension>
</addon>
